{"test_acc": 31.82, "train_acc": 0.31303333333333333, "_timestamp": 1694973343.977909, "_runtime": 723.5511701107025, "_step": 4, "_wandb": {"runtime": 723}}